,split,seed,size,Precision,Recall,F1_score,Accuracy,AUC_ROC
0,digits,2,1,0.5151361588652893,0.597425,0.5297254295279242,0.919485,0.7763472222222222
1,digits,2,2,0.4109332597889342,0.4976,0.4247910172060676,0.8995199999999999,0.7208888888888888
2,digits,2,3,0.4126820567938477,0.497975,0.4257564555259228,0.899595,0.7210972222222222
3,digits,2,4,0.6172612213671893,0.695075,0.6338947915490922,0.939015,0.8305972222222222
4,digits,2,5,0.8429212536244473,0.8933250000000001,0.8599470521685664,0.978665,0.9407361111111112
5,digits,2,6,0.7259979331806566,0.7941500000000001,0.7437927653734693,0.95883,0.8856388888888889
6,digits,2,7,0.3103258157798528,0.39715,0.3217917164148228,0.8794299999999999,0.6650833333333332
7,digits,2,8,0.413456761291049,0.4965249999999999,0.4253489448496291,0.899305,0.7202916666666667
8,digits,2,9,0.5183173980457062,0.5945,0.527285545314972,0.9189,0.7747222222222223
9,digits,2,10,0.7249441076515949,0.7919750000000001,0.7419634671960118,0.958395,0.8844305555555556
10,balanced,2,1,0.8362642744972053,0.8486170212765959,0.8414191702838134,0.9935581711181533,0.9226630434782608
11,balanced,2,2,0.548657469589337,0.5963829787234043,0.5663364842031046,0.9828248076052514,0.7938043478260869
12,balanced,2,3,0.4431200346737432,0.4856914893617021,0.4546081285986045,0.9781145314622004,0.7372554347826088
13,balanced,2,4,0.5856438631172997,0.6211170212765957,0.5947141335766858,0.9838773200543232,0.8064402173913043
14,balanced,2,5,0.407715262255017,0.4457978723404255,0.421517164264295,0.9764169307378906,0.716875
15,balanced,2,6,0.4718552545256366,0.5014361702127661,0.4775727774597033,0.9787845178813942,0.7452989130434784
16,balanced,2,7,0.6204201695343293,0.6437234042553192,0.622458647705847,0.9848392937980988,0.8179891304347825
17,balanced,2,8,0.5466236993721438,0.5725,0.5515274896066571,0.9818085106382978,0.7816032608695652
18,balanced,2,9,0.5553956026889908,0.5634574468085105,0.5449482189466203,0.9814237211407876,0.7769836956521737
19,balanced,2,10,0.605468940572123,0.6213829787234044,0.6051220545227234,0.9838886373924852,0.8065760869565219
20,fashion,2,1,0.3391308131430496,0.4295999999999999,0.3582557386391024,0.8859199999999999,0.683111111111111
21,fashion,2,2,0.5462438503309862,0.6319999999999999,0.5704741033687963,0.9264,0.7955555555555556
22,fashion,2,3,0.5426306853421341,0.638,0.572094867314893,0.9276,0.7988888888888888
23,fashion,2,4,0.6094127728567307,0.6942,0.639734177424708,0.93884,0.8301111111111112
24,fashion,2,5,0.6138649095581612,0.6716,0.6320958006231541,0.93432,0.8175555555555555
25,fashion,2,6,0.8569003222299963,0.8543000000000001,0.8554469313363591,0.9708599999999998,0.9190555555555556
26,fashion,2,7,0.8782330157575331,0.8774000000000001,0.8776768063924301,0.97548,0.9318888888888888
27,fashion,2,8,0.6130577110757633,0.7102999999999999,0.6495909190863259,0.94206,0.8390555555555557
28,fashion,2,9,0.5935456161517932,0.6733,0.6238167382254021,0.9346599999999998,0.8184999999999999
29,fashion,2,10,0.846159689846855,0.8405000000000001,0.8381351541885536,0.9681,0.9113888888888888
30,digits,5,1,0.4107687766979013,0.4984249999999999,0.4249989118494078,0.8996850000000001,0.7213472222222223
31,digits,5,2,0.9943840888208484,0.994375,0.9943767616610384,0.998875,0.996875
32,digits,5,3,0.9931621695088476,0.99315,0.9931529886165456,0.99863,0.9961944444444444
33,digits,5,4,0.989876680741073,0.98985,0.9898553878561692,0.99797,0.9943611111111113
34,digits,5,5,0.991237133980862,0.991225,0.991226527149106,0.998245,0.995125
35,digits,5,6,0.8404710248037788,0.890775,0.8574358363536417,0.978155,0.9393194444444444
36,digits,5,7,0.991857148832184,0.99185,0.9918512998298572,0.99837,0.995472222222222
37,digits,5,8,0.7226020787014938,0.7908250000000001,0.7403467995698679,0.958165,0.8837916666666666
38,digits,5,9,0.6198140592106476,0.694725,0.6348431955880287,0.938945,0.8304027777777778
39,digits,5,10,0.8407118345919498,0.8894250000000001,0.8567479763544977,0.977885,0.9385694444444443
40,balanced,5,1,0.7328388485592553,0.7939893617021277,0.7600794533328882,0.9912335898596653,0.8947554347826087
41,balanced,5,2,0.4948356900536172,0.5454787234042553,0.5129030560420677,0.9806586690810322,0.7677989130434782
42,balanced,5,3,0.5004345760046764,0.5447872340425531,0.5130416560789891,0.9806292440018112,0.767445652173913
43,balanced,5,4,0.6202276022962919,0.643031914893617,0.626308268855754,0.9848098687188774,0.8176358695652173
44,balanced,5,5,0.4660492061740666,0.5009574468085106,0.4768519914727261,0.9787641466727028,0.7450543478260869
45,balanced,5,6,0.5526323999284062,0.5807446808510638,0.5570329183399586,0.9821593481213218,0.7858152173913043
46,balanced,5,7,0.6601376503986205,0.6717021276595744,0.6562955839141944,0.986029877772748,0.8322826086956524
47,balanced,5,8,0.5930927158804485,0.6237234042553191,0.5990594641845944,0.9839882299683116,0.8077717391304347
48,balanced,5,9,0.5117857071872073,0.5390425531914894,0.5185125523377139,0.9803847894975102,0.7645108695652174
49,balanced,5,10,0.5397952845086074,0.553031914893617,0.540855434149364,0.9809800814848348,0.771657608695652
50,fashion,5,1,0.4696714047075406,0.5757,0.4982857872058403,0.91514,0.7642777777777777
51,fashion,5,2,0.8934301436803352,0.893,0.893133631682894,0.9786,0.9405555555555556
52,fashion,5,3,0.7455394167860343,0.7927,0.7633117529995034,0.95854,0.8848333333333332
53,fashion,5,4,0.8517756039341601,0.8518000000000001,0.8474155417643339,0.97036,0.9176666666666666
54,fashion,5,5,0.7252544429638419,0.7836,0.7490297173693969,0.95672,0.8797777777777778
55,fashion,5,6,0.2678605466383016,0.3777999999999999,0.2916868921206516,0.8755600000000001,0.6543333333333333
56,fashion,5,7,0.8709909925322108,0.8690999999999999,0.8698796077137876,0.97382,0.9272777777777776
57,fashion,5,8,0.846701966717891,0.8464,0.845506183997301,0.96928,0.9146666666666666
58,fashion,5,9,0.3470498608207413,0.4685,0.3768581014876181,0.8937000000000002,0.7047222222222222
59,fashion,5,10,0.7501335019919577,0.8019000000000001,0.7705360955210503,0.96038,0.8899444444444444
60,digits,3,1,0.6167456069167839,0.6974,0.6349210323735672,0.93948,0.8318888888888889
61,digits,3,2,0.7253824383632193,0.7945,0.7437826957938812,0.9589,0.8858333333333333
62,digits,3,3,0.8415073506014824,0.893275,0.8593863276667122,0.978655,0.9407083333333331
63,digits,3,4,0.8422942663656532,0.89245,0.8592049960691845,0.97849,0.94025
64,digits,3,5,0.9917182464168824,0.9917,0.9917041812918164,0.99834,0.9953888888888888
65,digits,3,6,0.7248912582793186,0.7927000000000001,0.7423096859789095,0.95854,0.8848333333333332
66,digits,3,7,0.7248750609914929,0.79325,0.7427131035560185,0.95865,0.8851388888888889
67,digits,3,8,0.9905920174443266,0.990575,0.9905790273817344,0.998115,0.9947638888888888
68,digits,3,9,0.9881293099608348,0.9881,0.9881072342178104,0.9976199999999998,0.9933888888888888
69,digits,3,10,0.841284641498687,0.890375,0.8574382963523235,0.978075,0.9390972222222224
70,balanced,3,1,0.7691406037278814,0.8114361702127657,0.7878686647903763,0.9919760072430964,0.9036684782608692
71,balanced,3,2,0.4103887545951578,0.4683510638297872,0.4322801821851011,0.9773766410140334,0.7283967391304348
72,balanced,3,3,0.3859735585891941,0.4238297872340426,0.3988782792447427,0.975482118605704,0.7056521739130435
73,balanced,3,4,0.5577003054427896,0.5931914893617022,0.56895704025207,0.9826889995473066,0.7921739130434785
74,balanced,3,5,0.3908497863750569,0.4234574468085107,0.4002002071463061,0.9754662743322772,0.7054619565217392
75,balanced,3,6,0.5002824691782137,0.5215957446808511,0.5047728332859986,0.9796423721140788,0.7555978260869565
76,balanced,3,7,0.5813944952458254,0.605531914893617,0.5885219984586152,0.9832141240380264,0.7984782608695653
77,balanced,3,8,0.4429375548614475,0.4646808510638299,0.4476720391896294,0.9772204617473972,0.7265217391304348
78,balanced,3,9,0.6032047711183737,0.6209574468085107,0.601190559322773,0.983870529651426,0.8063586956521739
79,balanced,3,10,0.6019202144230555,0.6372872340425532,0.6101883292590204,0.9845654142145768,0.8147010869565218
80,fashion,3,1,0.2524872850125113,0.3554,0.2777201356640238,0.8710800000000001,0.6418888888888888
81,fashion,3,2,0.2683074867907398,0.374,0.2896302179564448,0.8748000000000001,0.6522222222222223
82,fashion,3,3,0.4251813568051011,0.4915,0.436439073995177,0.8983000000000001,0.7175
83,fashion,3,4,0.7344328052332407,0.7854,0.7540626597365303,0.95708,0.8807777777777778
84,fashion,3,5,0.7315236480343468,0.7729,0.7453876248476679,0.95458,0.8738333333333334
85,fashion,3,6,0.7142524974974196,0.7615999999999999,0.7322923148678139,0.95232,0.8675555555555554
86,fashion,3,7,0.5381166600278225,0.6113,0.5557612064377825,0.92226,0.7840555555555555
87,fashion,3,8,0.7300151498076448,0.7693000000000001,0.7425287387396866,0.95386,0.8718333333333333
88,fashion,3,9,0.354187320667742,0.4568,0.3766871715472111,0.89136,0.6982222222222222
89,fashion,3,10,0.3632465086999948,0.4644999999999999,0.3856452637008896,0.8929,0.7024999999999999
90,digits,1,1,0.410369870744994,0.49845,0.4248426779381272,0.89969,0.7213611111111111
91,digits,1,2,0.4109580739141701,0.4981,0.4249653700119576,0.89962,0.7211666666666667
92,digits,1,3,0.6174572882488036,0.696525,0.634754136066441,0.939305,0.8314027777777777
93,digits,1,4,0.9917141293234808,0.9917,0.9917036406034156,0.99834,0.9953888888888888
94,digits,1,5,0.8399607568858573,0.8912749999999999,0.8576411500661365,0.978255,0.9395972222222224
95,digits,1,6,0.6201261146256863,0.694725,0.6350692193917097,0.938945,0.8304027777777778
96,digits,1,7,0.4127389380413667,0.496075,0.4246657938428006,0.8992150000000001,0.7200416666666667
97,digits,1,8,0.7231104161758107,0.7914,0.7408651417699603,0.95828,0.8841111111111111
98,digits,1,9,0.9862950845185448,0.986275,0.9862794697440966,0.997255,0.992375
99,digits,1,10,0.9869299379792558,0.98685,0.9868631404881814,0.99737,0.9926944444444444
100,balanced,1,1,0.7532771841622672,0.8022872340425533,0.7758455793828067,0.9915866908103214,0.8989945652173913
101,balanced,1,2,0.4911079496382971,0.5342553191489362,0.5057722699997933,0.9801810774105928,0.7620652173913043
102,balanced,1,3,0.5155853053893793,0.5611170212765958,0.5290963629683823,0.9813241285649617,0.7757880434782607
103,balanced,1,4,0.5406764772839046,0.5708510638297871,0.5491413028002745,0.981738343141693,0.7807608695652174
104,balanced,1,5,0.4959651734978168,0.5313297872340427,0.5072574673458007,0.9800565866908106,0.760570652173913
105,balanced,1,6,0.5517017721253373,0.5775531914893616,0.5590587439308391,0.9820235400633772,0.7841847826086956
106,balanced,1,7,0.6631436345414446,0.6932446808510639,0.6694240533838703,0.986946582163875,0.8432880434782611
107,balanced,1,8,0.6739639269232028,0.6918085106382978,0.6751036539852217,0.9868854685377998,0.8425543478260872
108,balanced,1,9,0.54085641576065,0.5529255319148937,0.5400136828845894,0.98097555454957,0.7716032608695652
109,balanced,1,10,0.509736989223319,0.5381914893617021,0.5150967118379727,0.9803485740153915,0.7640760869565216
110,fashion,1,1,0.3012899798216567,0.3908999999999999,0.314353368394332,0.8781800000000001,0.6616111111111111
111,fashion,1,2,0.6231882460495461,0.6907000000000001,0.6439643111115927,0.93814,0.8281666666666666
112,fashion,1,3,0.5324744166862282,0.6003999999999999,0.5479949245220338,0.92008,0.778
113,fashion,1,4,0.7292191202144103,0.7686,0.7432218571141146,0.95372,0.8714444444444445
114,fashion,1,5,0.8708241961674263,0.8591000000000001,0.8579716928852511,0.97182,0.9217222222222222
115,fashion,1,6,0.7388764270975337,0.7801,0.7518619850539456,0.95602,0.8778333333333332
116,fashion,1,7,0.6166843486987115,0.7215999999999999,0.6575254850860963,0.94432,0.8453333333333333
117,fashion,1,8,0.637658598957981,0.717,0.6620534745318281,0.9434,0.8427777777777777
118,fashion,1,9,0.6420510147734351,0.7034,0.6602299516970793,0.94068,0.8352222222222222
119,fashion,1,10,0.879304983495959,0.8795,0.8789281387299791,0.9759,0.9330555555555556
120,digits,7,1,0.8428355122096575,0.8951749999999998,0.8610418126262861,0.979035,0.941763888888889
121,digits,7,2,0.7203062321171322,0.7937749999999999,0.7412410790388331,0.958755,0.8854305555555555
122,digits,7,3,0.727390093512968,0.79625,0.7455190877967179,0.95925,0.8868055555555555
123,digits,7,4,0.8417327001350943,0.8923,0.8589827193822719,0.97846,0.9401666666666666
124,digits,7,5,0.987548223038772,0.987525,0.9875295693225008,0.997505,0.9930694444444444
125,digits,7,6,0.9903280217485178,0.990325,0.990325201058228,0.998065,0.994625
126,digits,7,7,0.8403846883682803,0.890625,0.8573311243839493,0.978125,0.939236111111111
127,digits,7,8,0.8367919214324246,0.88595,0.8530409016000865,0.97719,0.9366388888888888
128,digits,7,9,0.9912709671263812,0.99125,0.9912531523762476,0.99825,0.9951388888888888
129,digits,7,10,0.5135318149481589,0.595,0.5277423399729164,0.9190000000000002,0.775
130,balanced,7,1,0.7701933402784796,0.8119148936170211,0.7886032792715747,0.991996378451788,0.903913043478261
131,balanced,7,2,0.50714477033185,0.5595744680851066,0.5258491956749091,0.9812584880036216,0.7749999999999999
132,balanced,7,3,0.4674309229174208,0.5063297872340425,0.480031242154999,0.9789927569035765,0.7477989130434782
133,balanced,7,4,0.5137510140590904,0.5411702127659574,0.5223589379462427,0.9804753282028068,0.7655978260869565
134,balanced,7,5,0.4858021951280948,0.5127659574468085,0.4929818038930211,0.979266636487098,0.7510869565217391
135,balanced,7,6,0.5751982167065285,0.595159574468085,0.579135406880728,0.9827727478497056,0.793179347826087
136,balanced,7,7,0.5469822760221835,0.5770744680851063,0.555936540070602,0.9820031688546856,0.7839402173913045
137,balanced,7,8,0.552416107269217,0.5813297872340425,0.5601999163385423,0.9821842462652786,0.7861141304347826
138,balanced,7,9,0.7255547574988558,0.7413297872340427,0.7286865566518564,0.988992756903576,0.8678532608695653
139,balanced,7,10,0.6275527231899684,0.645531914893617,0.6320409362906907,0.9849162516976008,0.8189130434782609
140,fashion,7,1,0.1990772841911294,0.2959,0.2140454212825006,0.8591799999999999,0.6088333333333333
141,fashion,7,2,0.6272840152687259,0.6954,0.6507090692834627,0.93908,0.8307777777777778
142,fashion,7,3,0.6214979517290495,0.6841999999999999,0.6396365823741497,0.93684,0.8245555555555555
143,fashion,7,4,0.7440903558940086,0.8039,0.76886268518834,0.96078,0.8910555555555556
144,fashion,7,5,0.2967232109486631,0.3896,0.3112546837211815,0.8779199999999999,0.6608888888888889
145,fashion,7,6,0.6325553380389722,0.7032,0.6545803547426138,0.94064,0.8351111111111111
146,fashion,7,7,0.8466550878168866,0.8447999999999999,0.8450195127637926,0.96896,0.9137777777777778
147,fashion,7,8,0.744494079521543,0.7876000000000001,0.7594571157494333,0.95752,0.8819999999999999
148,fashion,7,9,0.7310753150811659,0.7771999999999999,0.7487157087569962,0.95544,0.8762222222222222
149,fashion,7,10,0.5884260636173472,0.6748,0.6177421911014105,0.93496,0.8193333333333334
150,digits,6,1,0.5121101431065774,0.598175,0.5287325449163642,0.919635,0.7767638888888888
151,digits,6,2,0.4111811938432457,0.498625,0.4252850739611329,0.8997249999999999,0.7214583333333333
152,digits,6,3,0.617999466409677,0.69615,0.6349240449792884,0.93923,0.8311944444444445
153,digits,6,4,0.9915837062786408,0.99155,0.9915471866404756,0.99831,0.9953055555555556
154,digits,6,5,0.9892334800809828,0.9892,0.989205269305588,0.9978399999999998,0.994
155,digits,6,6,0.8418406863323717,0.891925,0.8586517793949888,0.978385,0.9399583333333332
156,digits,6,7,0.7262239080504899,0.7935000000000001,0.7433661230134749,0.9587,0.8852777777777778
157,digits,6,8,0.9900244288900903,0.99,0.9900066344693274,0.998,0.9944444444444444
158,digits,6,9,0.8409997972120313,0.8915000000000001,0.8580714987983585,0.9783000000000002,0.9397222222222223
159,digits,6,10,0.9896628759732822,0.98965,0.9896522849600758,0.99793,0.99425
160,balanced,6,1,0.819170929401416,0.843404255319149,0.8285500126055706,0.9933363512901766,0.92
161,balanced,6,2,0.5364405884585174,0.5797872340425532,0.5517048227379022,0.9821186057039384,0.7853260869565217
162,balanced,6,3,0.4939789332330536,0.5392021276595744,0.5099468379880294,0.9803915799004072,0.764592391304348
163,balanced,6,4,0.4818267050373515,0.5235106382978724,0.4937029101834243,0.9797238569488458,0.7565760869565218
164,balanced,6,5,0.5397416860038008,0.5725531914893617,0.5467884408982301,0.9818107741059304,0.7816304347826084
165,balanced,6,6,0.6189078216809645,0.6395212765957448,0.6237816320892459,0.984660479855138,0.8158423913043478
166,balanced,6,7,0.5749212058437986,0.5904255319148937,0.576698366946215,0.9825712992304207,0.7907608695652175
167,balanced,6,8,0.6139938735822459,0.6284574468085106,0.6170187642696845,0.984189678587596,0.8101902173913043
168,balanced,6,9,0.6396792647524169,0.6577127659574469,0.6428019012981039,0.9854345857854232,0.8251358695652175
169,balanced,6,10,0.6696676308602012,0.6798936170212766,0.6696635044940883,0.9863784517881392,0.8364673913043478
170,fashion,6,1,0.5292970473408671,0.6232,0.557553017062303,0.92464,0.7906666666666666
171,fashion,6,2,0.2351675261202595,0.3532,0.2656525835860665,0.8706400000000001,0.6406666666666666
172,fashion,6,3,0.4776294281825164,0.5821000000000001,0.5050613908976456,0.91642,0.7678333333333334
173,fashion,6,4,0.2647497672117435,0.3796,0.2908432399144257,0.87592,0.6553333333333333
174,fashion,6,5,0.5832331938535662,0.6652,0.6121518161501907,0.93304,0.8139999999999998
175,fashion,6,6,0.3881277154529466,0.4728,0.4015939406321552,0.89456,0.707111111111111
176,fashion,6,7,0.8750657555161764,0.874,0.8740704557989867,0.9748,0.93
177,fashion,6,8,0.4447039942705895,0.5315000000000001,0.4621191565089567,0.9063,0.7397222222222222
178,fashion,6,9,0.7426378527317503,0.7863999999999999,0.7580858507486986,0.95728,0.8813333333333333
179,fashion,6,10,0.7172831714902251,0.7628999999999999,0.7338796469310477,0.95258,0.8682777777777778
180,digits,4,1,0.7250379540509729,0.7963250000000001,0.7444329574635477,0.959265,0.8868472222222221
181,digits,4,2,0.5141910222482989,0.5977499999999999,0.5295662378956744,0.91955,0.7765277777777777
182,digits,4,3,0.618523899585302,0.696225,0.6351551802590203,0.939245,0.8312361111111113
183,digits,4,4,0.6184661385485716,0.695725,0.6348634987955568,0.939145,0.8309583333333332
184,digits,4,5,0.8407178237875013,0.893075,0.8590316924954216,0.978615,0.940597222222222
185,digits,4,6,0.7276521722709666,0.794325,0.7444075771629388,0.958865,0.8857361111111111
186,digits,4,7,0.9892073752115792,0.9892,0.9892003866071496,0.9978399999999998,0.994
187,digits,4,8,0.9844274940564948,0.984375,0.984384233099625,0.996875,0.9913194444444444
188,digits,4,9,0.8379429992563932,0.888725,0.8552499602482978,0.977745,0.9381805555555556
189,digits,4,10,0.9867921074793224,0.986775,0.9867758903332626,0.997355,0.9926527777777776
190,balanced,4,1,0.8259139169249152,0.8419148936170214,0.8327549306151901,0.9932729741964692,0.9192391304347826
191,balanced,4,2,0.5595693264386518,0.5976063829787234,0.5726347473152111,0.9828768673607968,0.7944293478260869
192,balanced,4,3,0.344995970698048,0.3898404255319148,0.3573712452585961,0.9740357627885924,0.6882880434782609
193,balanced,4,4,0.4996832192752994,0.530531914893617,0.5088102653723398,0.980022634676324,0.7601630434782608
194,balanced,4,5,0.4739699736615741,0.5056382978723405,0.4848611413414678,0.9789633318243548,0.7474456521739131
195,balanced,4,6,0.549089612986575,0.5662234042553193,0.5506425003653166,0.9815414214576732,0.7783967391304347
196,balanced,4,7,0.5765102642454156,0.59781914893617,0.5807714650348329,0.9828859212313265,0.7945380434782608
197,balanced,4,8,0.591742578623644,0.6163829787234043,0.6005273913615223,0.9836758714350388,0.8040217391304346
198,balanced,4,9,0.5129784071751987,0.5507978723404255,0.5272289035831985,0.9808850158442736,0.770516304347826
199,balanced,4,10,0.4864769857464184,0.5214893617021276,0.494525553945466,0.979637845178814,0.7555434782608696
200,fashion,4,1,0.5104066287474682,0.5978,0.5395722712464694,0.91956,0.7765555555555556
201,fashion,4,2,0.5541164699025047,0.6403000000000001,0.5784816944568515,0.92806,0.8001666666666667
202,fashion,4,3,0.5420225081815548,0.6345999999999999,0.5690480385255234,0.9269200000000002,0.797
203,fashion,4,4,0.634001288724298,0.714,0.660915715448408,0.9428,0.8411111111111111
204,fashion,4,5,0.6107460375041963,0.6733,0.6287396634807481,0.9346599999999998,0.8185
205,fashion,4,6,0.7315997502288598,0.7755,0.7468644463129219,0.9551,0.8752777777777776
206,fashion,4,7,0.7364406376351946,0.78,0.7513561657417951,0.956,0.8777777777777779
207,fashion,4,8,0.4701977334220282,0.5600999999999999,0.4895953831139575,0.91202,0.7556111111111111
208,fashion,4,9,0.6246575443422878,0.6853999999999999,0.6431275145896991,0.93708,0.8252222222222223
209,fashion,4,10,0.540164818002645,0.6390999999999999,0.5696508183155158,0.92782,0.7994999999999999
210,digits,28,1,0.7276274921515695,0.7964499999999999,0.7456107167358221,0.95929,0.8869166666666668
211,digits,28,2,0.8417942324813102,0.8942,0.860254117963996,0.9788400000000002,0.9412222222222224
212,digits,28,3,0.9922736251782676,0.99225,0.9922539982250812,0.99845,0.9956944444444444
213,digits,28,4,0.7278184263340328,0.7949999999999999,0.7448479151148757,0.959,0.8861111111111111
214,digits,28,5,0.9905017625711852,0.990475,0.9904804839898336,0.998095,0.9947083333333332
215,digits,28,6,0.841085589922268,0.8919750000000001,0.8584250063201916,0.978395,0.9399861111111112
216,digits,28,7,0.6171256928500128,0.692925,0.6328385920508016,0.938585,0.8294027777777778
217,digits,28,8,0.9897291197568712,0.9897,0.98970240072965,0.99794,0.9942777777777778
218,digits,28,9,0.9879709032185748,0.9879500000000002,0.9879533906990712,0.99759,0.9933055555555554
219,digits,28,10,0.7261241671319019,0.7937000000000001,0.7434534364650605,0.95874,0.8853888888888889
220,balanced,28,1,0.7920689079293554,0.8215425531914895,0.8044195906673044,0.9924060660932548,0.9088315217391304
221,balanced,28,2,0.477285429634817,0.5248936170212766,0.4944062754399358,0.9797827071072884,0.7572826086956521
222,balanced,28,3,0.4991610570750325,0.5472340425531914,0.5128662226850073,0.9807333635129016,0.7686956521739131
223,balanced,28,4,0.4763886135215534,0.5158510638297873,0.4861771710381917,0.979397917609778,0.7526630434782609
224,balanced,28,5,0.4530609603447555,0.4884042553191489,0.464996440948638,0.9782299683114531,0.7386413043478262
225,balanced,28,6,0.635901728287564,0.6528723404255319,0.6377523152920971,0.9852286102308736,0.8226630434782608
226,balanced,28,7,0.5246644519415775,0.5456382978723404,0.5292705768116217,0.9806654594839296,0.7678804347826088
227,balanced,28,8,0.6587549788260019,0.6764893617021277,0.661235744866758,0.9862335898596652,0.8347282608695651
228,balanced,28,9,0.4940294781028255,0.5250531914893617,0.5030075858496444,0.9797894975101856,0.7573641304347828
229,balanced,28,10,0.4458389869832651,0.4728723404255319,0.4526801765058845,0.9775690357627888,0.7307065217391303
230,fashion,28,1,0.6133964268113267,0.6968,0.6450532146767095,0.93936,0.8315555555555555
231,fashion,28,2,0.5602703662032827,0.6616,0.5908996661867236,0.93232,0.8119999999999999
232,fashion,28,3,0.5669847270702917,0.6460999999999999,0.5875690464251531,0.92922,0.8033888888888889
233,fashion,28,4,0.6265687551834824,0.7058,0.6558302769888356,0.94116,0.8365555555555556
234,fashion,28,5,0.54549387602313,0.6244,0.5654286266467274,0.92488,0.7913333333333333
235,fashion,28,6,0.7178361121650352,0.7817999999999999,0.7454611989940061,0.95636,0.8787777777777779
236,fashion,28,7,0.6242603066547261,0.6898,0.6441308261777057,0.93796,0.8276666666666668
237,fashion,28,8,0.5901052395407117,0.6412,0.599515928276864,0.92824,0.8006666666666667
238,fashion,28,9,0.8700417947329828,0.8677999999999999,0.86868633255122,0.97356,0.9265555555555556
239,fashion,28,10,0.6782633089001866,0.7392000000000001,0.7001250052658242,0.94784,0.8551111111111112
240,digits,27,1,0.5153515684269253,0.5981,0.5302141153730481,0.91962,0.7767222222222222
241,digits,27,2,0.6177141750869702,0.695675,0.6346700636397842,0.939135,0.8309305555555555
242,digits,27,3,0.992404648904838,0.9924,0.9924006161224465,0.99848,0.995777777777778
243,digits,27,4,0.9918230390242307,0.9918,0.9918026817424002,0.99836,0.9954444444444444
244,digits,27,5,0.8396150476277349,0.89055,0.8569573342314522,0.97811,0.9391944444444442
245,digits,27,6,0.6185795808534222,0.695125,0.6344908751911206,0.939025,0.8306249999999998
246,digits,27,7,0.8421854350620711,0.8926000000000001,0.8592108336190003,0.97852,0.9403333333333332
247,digits,27,8,0.9852618857649044,0.985225,0.9852317150326412,0.9970450000000002,0.9917916666666666
248,digits,27,9,0.9891933354806552,0.989175,0.9891771420375362,0.997835,0.993986111111111
249,digits,27,10,0.9864368098378689,0.986425,0.9864274446698766,0.997285,0.9924583333333334
250,balanced,27,1,0.7999377743806078,0.8239893617021274,0.8092510878163164,0.9925101856043458,0.9100815217391306
251,balanced,27,2,0.4645576136588172,0.514095744680851,0.4845225814931843,0.9793232231779084,0.7517663043478263
252,balanced,27,3,0.5071352201549101,0.5501063829787236,0.5191329367205307,0.980855590765052,0.7701630434782608
253,balanced,27,4,0.541054174395553,0.5648404255319149,0.5455249559804013,0.9814825712992304,0.7776902173913043
254,balanced,27,5,0.4544228021471171,0.4907446808510639,0.4631824467794534,0.9783295608872792,0.739836956521739
255,balanced,27,6,0.638656977423285,0.6577127659574469,0.6423779386025245,0.9854345857854232,0.8251358695652175
256,balanced,27,7,0.5124567093948349,0.544468085106383,0.5197121139634898,0.9806156631960165,0.767282608695652
257,balanced,27,8,0.5028220414702014,0.5309042553191489,0.5098468703059562,0.980038478949751,0.7603532608695652
258,balanced,27,9,0.6035507255980584,0.624095744680851,0.6079343326002744,0.9840040742417384,0.8079619565217392
259,balanced,27,10,0.67105537154696,0.6914893617021275,0.6751981086967445,0.9868718877320052,0.8423913043478262
260,fashion,27,1,0.7533308295492611,0.8039999999999999,0.7724780651604914,0.9608,0.8911111111111112
261,fashion,27,2,0.6432898318466268,0.7249999999999999,0.6714240155609514,0.945,0.8472222222222221
262,fashion,27,3,0.7524909863578302,0.8071999999999999,0.7744266993599449,0.96144,0.8928888888888888
263,fashion,27,4,0.3314562091384963,0.4227,0.3530528926497868,0.8845400000000001,0.6792777777777779
264,fashion,27,5,0.601388855108592,0.679,0.6268180916895553,0.9358,0.8216666666666667
265,fashion,27,6,0.6243778708385173,0.7059,0.6528510854489333,0.94118,0.8366111111111112
266,fashion,27,7,0.626691987840197,0.7153999999999999,0.6590663455483747,0.94308,0.8418888888888889
267,fashion,27,8,0.7221495292183386,0.7882,0.7507014188656266,0.95764,0.8823333333333334
268,fashion,27,9,0.7183136747748025,0.7613000000000001,0.7334886835167677,0.95226,0.867388888888889
269,fashion,27,10,0.8766082020395658,0.8764,0.876317613998445,0.97528,0.9313333333333332
270,digits,30,1,0.4095326121554068,0.498025,0.4244479226077876,0.899605,0.721125
271,digits,30,2,0.7266788426666683,0.795775,0.7449615515026973,0.9591550000000002,0.8865416666666668
272,digits,30,3,0.8442997285829209,0.894975,0.8614375386332702,0.978995,0.941652777777778
273,digits,30,4,0.8432517223820163,0.8941500000000001,0.8605673681410602,0.97883,0.9411944444444446
274,digits,30,5,0.5146980362558501,0.59755,0.5296886939251559,0.91951,0.7764166666666666
275,digits,30,6,0.8422038351272461,0.8924,0.8591028034589673,0.97848,0.9402222222222224
276,digits,30,7,0.8396248577302288,0.8891250000000002,0.8561508679248477,0.9778249999999998,0.9384027777777778
277,digits,30,8,0.987876541746265,0.98785,0.9878568244267738,0.99757,0.99325
278,digits,30,9,0.8373507702847315,0.89,0.8557930805032781,0.978,0.9388888888888888
279,digits,30,10,0.9845825751555696,0.98455,0.9845572014700484,0.99691,0.9914166666666664
280,balanced,30,1,0.7854485960682204,0.8229787234042555,0.8007326357362972,0.9924671797193302,0.909565217391304
281,balanced,30,2,0.4632027403562913,0.5170212765957447,0.4821039628639276,0.9794477138976916,0.7532608695652175
282,balanced,30,3,0.5110289138390358,0.5480851063829788,0.5242315496062884,0.9807695789950202,0.7691304347826088
283,balanced,30,4,0.3975313512585954,0.4428723404255318,0.4094722569894278,0.976292440018108,0.7153804347826087
284,balanced,30,5,0.5652692056998929,0.5946808510638298,0.5713672435036776,0.9827523766410138,0.7929347826086959
285,balanced,30,6,0.5063889589184073,0.5304787234042554,0.5120901841563081,0.9800203712086916,0.7601358695652173
286,balanced,30,7,0.4954000018127339,0.5286170212765958,0.502513419655072,0.9799411498415572,0.7591847826086958
287,balanced,30,8,0.53766432463153,0.5699468085106382,0.5444365815034342,0.9816998641919422,0.7802989130434784
288,balanced,30,9,0.48070679684059,0.5166489361702128,0.4926556959475698,0.9794318696242642,0.7530706521739128
289,balanced,30,10,0.4320503932770134,0.4799468085106383,0.4475263284559488,0.9778700769578996,0.734320652173913
290,fashion,30,1,0.4261854237290715,0.5234,0.4522720534359582,0.9046800000000002,0.7352222222222222
291,fashion,30,2,0.5383092157296375,0.6232000000000001,0.5614932124114669,0.92464,0.7906666666666667
292,fashion,30,3,0.6383950112350754,0.7141,0.6637545076150447,0.94282,0.8411666666666667
293,fashion,30,4,0.4472219404835762,0.5332,0.4674404203878265,0.90664,0.7406666666666666
294,fashion,30,5,0.4166267876727135,0.5201,0.4492980899994888,0.90402,0.733388888888889
295,fashion,30,6,0.4728390744113716,0.5723999999999999,0.5069344566572214,0.91448,0.7624444444444445
296,fashion,30,7,0.8734172144811252,0.8720000000000001,0.8723000551303965,0.9744,0.928888888888889
297,fashion,30,8,0.8847019976945507,0.8826,0.8834152024609094,0.9765199999999998,0.934777777777778
298,fashion,30,9,0.6135776298987864,0.6692,0.6280259215495632,0.93384,0.8162222222222223
299,fashion,30,10,0.738155919558678,0.7763,0.7492243289988951,0.95526,0.8757222222222223
300,digits,31,1,0.2103627766905092,0.299575,0.2210018825556547,0.859915,0.6108750000000001
301,digits,31,2,0.8442379337199515,0.8950000000000001,0.8614575781887149,0.979,0.9416666666666668
302,digits,31,3,0.9927650472975948,0.99275,0.992749948279163,0.99855,0.9959722222222224
303,digits,31,4,0.7259501508978751,0.7942,0.7436610793576842,0.95884,0.8856666666666667
304,digits,31,5,0.8421450498954798,0.893175,0.8595536499630019,0.978635,0.940652777777778
305,digits,31,6,0.9882351235736124,0.988225,0.9882263689184356,0.997645,0.9934583333333334
306,digits,31,7,0.5124775352768878,0.5951500000000001,0.5274723049203714,0.91903,0.7750833333333332
307,digits,31,8,0.9883262603300876,0.9883,0.9883048994677648,0.99766,0.9934999999999998
308,digits,31,9,0.7269167125861922,0.7939499999999999,0.7438705104110878,0.95879,0.8855277777777777
309,digits,31,10,0.8391588279946951,0.8900750000000001,0.8565441063755799,0.978015,0.9389305555555556
310,balanced,31,1,0.8399105539321495,0.8504787234042552,0.8439778365608227,0.9936373924852874,0.9236141304347824
311,balanced,31,2,0.5623012986783207,0.5986170212765958,0.5745208049697966,0.9829198732458124,0.7949456521739131
312,balanced,31,3,0.4768755919475592,0.5136170212765958,0.4890966083945873,0.9793028519692168,0.7515217391304347
313,balanced,31,4,0.4208612050229646,0.4555851063829786,0.4326075240157253,0.9768334087822544,0.721875
314,balanced,31,5,0.6136824362675423,0.6413829787234042,0.6195888329339839,0.9847397012222728,0.8167934782608698
315,balanced,31,6,0.6384099320999836,0.6646276595744681,0.6427199009485093,0.9857288365776368,0.8286684782608693
316,balanced,31,7,0.5335188006601304,0.5516489361702128,0.5280842200057498,0.980921231326392,0.7709510869565217
317,balanced,31,8,0.5382839543077932,0.5618085106382978,0.5443947411814576,0.9813535536441828,0.776141304347826
318,balanced,31,9,0.5560814976930114,0.5803191489361702,0.5588412058876376,0.9821412403802626,0.7855978260869566
319,balanced,31,10,0.6144488854789653,0.6394148936170212,0.6187655255982555,0.9846559529198732,0.8157880434782607
320,fashion,31,1,0.3224755514982166,0.4315,0.3516219422507308,0.8863000000000001,0.6841666666666667
321,fashion,31,2,0.5346488079136625,0.638,0.5682853336261452,0.9276,0.7988888888888889
322,fashion,31,3,0.5160114197890214,0.6020999999999999,0.541182184423941,0.92042,0.7789444444444444
323,fashion,31,4,0.6124753939379977,0.6847000000000001,0.6376646194536885,0.93694,0.8248333333333333
324,fashion,31,5,0.879012776106093,0.8788,0.8787649266316503,0.97576,0.9326666666666666
325,fashion,31,6,0.5001824069125929,0.6014,0.5330236648277348,0.92028,0.7785555555555556
326,fashion,31,7,0.6325773828855447,0.7115,0.6596868126336257,0.9423,0.8397222222222223
327,fashion,31,8,0.7226952381019232,0.7619,0.7355753712357116,0.95238,0.8677222222222222
328,fashion,31,9,0.5502420073847709,0.6517999999999999,0.5806270073686792,0.93036,0.8065555555555555
329,fashion,31,10,0.6893897032696324,0.7317,0.7009572594644877,0.94634,0.8509444444444444
330,digits,29,1,0.7252772243088316,0.7959,0.74430824975237,0.95918,0.8866111111111111
331,digits,29,2,0.9935248094735044,0.9934999999999998,0.9935049204541858,0.9987,0.9963888888888888
332,digits,29,3,0.726763618343497,0.795425,0.7448480741812047,0.959085,0.8863472222222223
333,digits,29,4,0.7294912007109846,0.79445,0.7442158841633885,0.95889,0.8858055555555555
334,digits,29,5,0.8420500035524514,0.8921250000000001,0.8588563302188815,0.9784250000000002,0.9400694444444444
335,digits,29,6,0.9892059224312628,0.989175,0.9891795775071895,0.997835,0.9939861111111112
336,digits,29,7,0.8555726069250505,0.8913249999999999,0.8578521452191588,0.978265,0.9396250000000002
337,digits,29,8,0.989056366423428,0.98905,0.989050619655114,0.99781,0.9939166666666668
338,digits,29,9,0.8379770021011602,0.8878,0.8546852297808313,0.97756,0.9376666666666668
339,digits,29,10,0.9873165070866048,0.9873,0.9873034720409136,0.99746,0.9929444444444446
340,balanced,29,1,0.8251433894479908,0.8410638297872343,0.8319282303106963,0.9932367587143502,0.9188043478260868
341,balanced,29,2,0.640479381675355,0.6837234042553191,0.6579069492322946,0.9865414214576732,0.8384239130434783
342,balanced,29,3,0.4845657549847159,0.5321808510638297,0.5010510175388205,0.9800928021729292,0.7610054347826087
343,balanced,29,4,0.6307895546833981,0.660531914893617,0.6413539264497099,0.9855545495699412,0.8265760869565216
344,balanced,29,5,0.463818989414573,0.4915957446808511,0.4712126849919996,0.9783657763693976,0.7402717391304349
345,balanced,29,6,0.5288013339071517,0.5527659574468086,0.5340871002707311,0.9809687641466728,0.7715217391304346
346,balanced,29,7,0.5794245109294743,0.6047340425531915,0.5863135613228577,0.9831801720235398,0.7980706521739132
347,balanced,29,8,0.5550588043615147,0.580372340425532,0.5599336532330016,0.982143503847895,0.7856249999999999
348,balanced,29,9,0.619075294288036,0.6446808510638298,0.6232937902958487,0.9848800362154824,0.8184782608695652
349,balanced,29,10,0.5882823831401094,0.6119148936170212,0.5942834877501498,0.9834857401539157,0.8017391304347825
350,fashion,29,1,0.8922576874219263,0.8911999999999999,0.8914579975968561,0.97824,0.9395555555555556
351,fashion,29,2,0.2927891131661955,0.3907,0.3106037205910951,0.8781399999999999,0.6615
352,fashion,29,3,0.5428547427330593,0.6319,0.5687851212985817,0.92638,0.7955
353,fashion,29,4,0.5375900318410747,0.6211,0.562050482936253,0.92422,0.7895
354,fashion,29,5,0.5340856432360573,0.6163,0.5571428887086485,0.92326,0.7868333333333334
355,fashion,29,6,0.8692921800606019,0.8694999999999998,0.869069179601176,0.9739,0.9275
356,fashion,29,7,0.7357624761938137,0.7792,0.7511702075609323,0.95584,0.8773333333333333
357,fashion,29,8,0.7098949908833625,0.7467,0.7218648511066095,0.94934,0.8592777777777776
358,fashion,29,9,0.8726868754716334,0.874,0.8730559000889441,0.9748,0.93
359,fashion,29,10,0.7423881859698647,0.7849,0.7572900296170173,0.95698,0.8805
360,digits,26,1,0.3092497091810506,0.398775,0.3219734104106401,0.8797550000000001,0.6659861111111111
361,digits,26,2,0.619550238158525,0.697175,0.6361081221331017,0.939435,0.831763888888889
362,digits,26,3,0.8412130149253482,0.892425,0.8587240036862654,0.978485,0.9402361111111112
363,digits,26,4,0.9901123778588792,0.990075,0.9900833214345176,0.998015,0.9944861111111112
364,digits,26,5,0.9901602904506188,0.99015,0.9901517063871867,0.99803,0.994527777777778
365,digits,26,6,0.8424656919911317,0.8934999999999998,0.8599471798730118,0.9787,0.9408333333333332
366,digits,26,7,0.6192003130806523,0.693825,0.6340907191199394,0.938765,0.8299027777777777
367,digits,26,8,0.8423190455487589,0.892375,0.8591250813193643,0.978475,0.9402083333333332
368,digits,26,9,0.841560651636418,0.89185,0.8586359669306572,0.9783700000000002,0.9399166666666668
369,digits,26,10,0.7241078523673096,0.7922499999999999,0.7418759703237094,0.9584499999999998,0.8845833333333333
370,balanced,26,1,0.804245179624453,0.832659574468085,0.8165581449447981,0.9928791308284292,0.9145108695652172
371,balanced,26,2,0.6276434882177103,0.6761170212765958,0.644005563751479,0.986217745586238,0.8345380434782608
372,balanced,26,3,0.5172175462219389,0.5532446808510638,0.5305049949825874,0.9809891353553644,0.7717663043478261
373,balanced,26,4,0.5175767867911488,0.551063829787234,0.5271736600955305,0.9808963331824356,0.7706521739130435
374,balanced,26,5,0.5816733708843651,0.615,0.5921383336068141,0.9836170212765956,0.8033152173913042
375,balanced,26,6,0.5604053425805073,0.5764361702127659,0.5624175030204026,0.9819760072430964,0.7836141304347826
376,balanced,26,7,0.583798398201015,0.6062765957446808,0.5898657937895577,0.9832458125848798,0.7988586956521739
377,balanced,26,8,0.5714738070046719,0.6018617021276595,0.5775155891044739,0.98305794477139,0.7966032608695653
378,balanced,26,9,0.5979111681819785,0.6330319148936171,0.6058649765044989,0.9843843368039836,0.8125271739130436
379,balanced,26,10,0.5945889035011154,0.6154255319148937,0.5984497584488844,0.9836351290176548,0.8035326086956522
380,fashion,26,1,0.4540319401036443,0.563,0.4834669655284916,0.9126,0.7572222222222222
381,fashion,26,2,0.6332985116724396,0.7045,0.6556776051650762,0.9409,0.8358333333333332
382,fashion,26,3,0.8846100911184909,0.8827999999999999,0.8835037997705287,0.97656,0.9348888888888888
383,fashion,26,4,0.7266934198887978,0.7737,0.7411813235177159,0.95474,0.8742777777777778
384,fashion,26,5,0.7038311090907899,0.7648,0.7312547865574962,0.95296,0.8693333333333333
385,fashion,26,6,0.8714365430825083,0.8684,0.8693370411076495,0.97368,0.9268888888888888
386,fashion,26,7,0.8737058484876388,0.8732,0.8732532020075172,0.97464,0.9295555555555556
387,fashion,26,8,0.7722906509481537,0.8225999999999999,0.7903032369635883,0.96452,0.9014444444444444
388,fashion,26,9,0.7478782650471321,0.7943,0.7646315233514018,0.9588600000000002,0.8857222222222223
389,fashion,26,10,0.6323271613762936,0.6935,0.6496701825923876,0.9387,0.8297222222222222
390,digits,14,1,0.5145340816371117,0.5976250000000001,0.5295893547694048,0.919525,0.7764583333333334
391,digits,14,2,0.7274144743717519,0.79555,0.7451952070041158,0.95911,0.8864166666666666
392,digits,14,3,0.6184383837695465,0.695975,0.6350584352702536,0.939195,0.8310972222222223
393,digits,14,4,0.7265172377317187,0.795075,0.7443651976434611,0.9590150000000002,0.8861527777777777
394,digits,14,5,0.8424636772278526,0.8939,0.8601089308547181,0.97878,0.9410555555555556
395,digits,14,6,0.9853913760818168,0.985375,0.985380796314271,0.997075,0.991875
396,digits,14,7,0.9872245145032374,0.9872000000000002,0.9872061587476784,0.99744,0.9928888888888888
397,digits,14,8,0.7254167124174041,0.7927000000000001,0.7425457697948151,0.95854,0.8848333333333335
398,digits,14,9,0.5136973485486279,0.5953999999999999,0.5279739055260939,0.91908,0.7752222222222223
399,digits,14,10,0.8396670653426878,0.8909750000000001,0.8573021020109136,0.978195,0.9394305555555554
400,balanced,14,1,0.7742091515166939,0.8112765957446806,0.7883667824439476,0.9919692168401992,0.9035869565217388
401,balanced,14,2,0.5641910056544253,0.6119148936170213,0.5831203598844454,0.9834857401539157,0.8017391304347826
402,balanced,14,3,0.4396018433500305,0.4797872340425532,0.4540106850039599,0.9778632865550024,0.7342391304347825
403,balanced,14,4,0.4164362729980356,0.4550531914893617,0.4261101960804909,0.9768107741059302,0.7216032608695653
404,balanced,14,5,0.5574054235096139,0.6012234042553192,0.5702400972363122,0.9830307831598007,0.7962771739130436
405,balanced,14,6,0.5791926894531506,0.6120744680851065,0.5887815241814317,0.983492530556813,0.801820652173913
406,balanced,14,7,0.6364207957497606,0.6506914893617022,0.6389762448052763,0.9851358080579448,0.8215489130434782
407,balanced,14,8,0.5798660765480235,0.6073936170212766,0.5845157348622043,0.9832933454051608,0.7994293478260871
408,balanced,14,9,0.6196850235805614,0.6381382978723403,0.6192382471257185,0.9846016296966954,0.8151358695652174
409,balanced,14,10,0.5112017322129211,0.5364361702127659,0.5180948195280928,0.980273879583522,0.7631793478260871
410,fashion,14,1,0.3273146324821955,0.4355,0.355953904302777,0.8871,0.6863888888888888
411,fashion,14,2,0.5151466278326844,0.6033999999999999,0.5414268720011564,0.92068,0.7796666666666667
412,fashion,14,3,0.7434101537242969,0.8053999999999999,0.7697913609851241,0.96108,0.8918888888888888
413,fashion,14,4,0.7522021625343046,0.7942,0.7659920081130964,0.95884,0.8856666666666666
414,fashion,14,5,0.2901119530956335,0.3821,0.305050617532236,0.8764200000000001,0.6567222222222222
415,fashion,14,6,0.5933709995749449,0.6923,0.6300913902643803,0.93846,0.8290555555555557
416,fashion,14,7,0.6194624828230133,0.6753,0.6341767502227456,0.93506,0.8196111111111112
417,fashion,14,8,0.6683905983414414,0.7491,0.6945253128648445,0.94982,0.8606111111111112
418,fashion,14,9,0.7232831636162735,0.7769999999999999,0.7438017154309343,0.9554,0.8761111111111111
419,fashion,14,10,0.8786383498781115,0.8773,0.8776779563261521,0.9754600000000002,0.9318333333333332
420,digits,16,1,0.8434114383206452,0.8955749999999998,0.8614941569342511,0.979115,0.9419861111111112
421,digits,16,2,0.6185107275655505,0.69605,0.6352480757530268,0.93921,0.8311388888888889
422,digits,16,3,0.6189205671265707,0.69645,0.635443036985561,0.93929,0.8313611111111111
423,digits,16,4,0.9916871290179484,0.991675,0.9916786433333146,0.998335,0.995375
424,digits,16,5,0.7240803713302789,0.79325,0.7424440016891003,0.95865,0.8851388888888888
425,digits,16,6,0.8415186805455633,0.8921749999999999,0.8587035089070609,0.978435,0.9400972222222224
426,digits,16,7,0.98836688604101,0.988325,0.9883288608607348,0.997665,0.993513888888889
427,digits,16,8,0.8403828357188502,0.8901749999999999,0.857094910581116,0.978035,0.9389861111111112
428,digits,16,9,0.6617739190221714,0.6913500000000001,0.6323675383239775,0.93827,0.8285277777777778
429,digits,16,10,0.5118411366615938,0.59295,0.5261894211573263,0.91859,0.7738611111111111
430,balanced,16,1,0.8578372535002496,0.8578191489361701,0.8571980008976091,0.9939497510185604,0.9273641304347824
431,balanced,16,2,0.4805971934318743,0.5172340425531915,0.4928765852368905,0.9794567677682208,0.7533695652173915
432,balanced,16,3,0.4934052643093268,0.5209042553191491,0.5027711421290624,0.9796129470348574,0.7552445652173913
433,balanced,16,4,0.5487927836000696,0.5834042553191489,0.5566143523511056,0.9822725215029426,0.7871739130434784
434,balanced,16,5,0.5010840458505009,0.5355851063829787,0.5113083226243985,0.9802376641014032,0.7627445652173914
435,balanced,16,6,0.5594213407163282,0.5863829787234042,0.564333633083634,0.9823992756903576,0.7886956521739131
436,balanced,16,7,0.6829865260480273,0.708563829787234,0.688045804054716,0.98759846084201,0.8511141304347828
437,balanced,16,8,0.6072622778472657,0.628723404255319,0.6119897971220132,0.9842009959257584,0.8103260869565218
438,balanced,16,9,0.5813839702037592,0.6017021276595744,0.5826411394117174,0.9830511543684926,0.7965217391304348
439,balanced,16,10,0.5641896349436792,0.5892021276595745,0.5697012300988036,0.9825192394748752,0.7901358695652175
440,fashion,16,1,0.6488540366014426,0.7289,0.6742985589924808,0.94578,0.849388888888889
441,fashion,16,2,0.7370566377005968,0.7929,0.7592144255283945,0.95858,0.8849444444444444
442,fashion,16,3,0.6230091692023456,0.6859,0.6441626361955751,0.93718,0.8254999999999999
443,fashion,16,4,0.8864819791437852,0.8853000000000002,0.8857828716085379,0.97706,0.9362777777777778
444,fashion,16,5,0.7043020530206052,0.7565,0.725024044394962,0.9513,0.8647222222222222
445,fashion,16,6,0.4548511587469246,0.5317999999999999,0.4713575704066077,0.90636,0.7398888888888888
446,fashion,16,7,0.4320231763105621,0.5475,0.4639855954039175,0.9095,0.7486111111111111
447,fashion,16,8,0.7082197038449504,0.7565999999999999,0.7290045437053522,0.95132,0.8647777777777778
448,fashion,16,9,0.3932567816535041,0.5315000000000001,0.4371807283215737,0.9063,0.7397222222222222
449,fashion,16,10,0.6361841795250978,0.6918,0.6500397347832719,0.93836,0.8287777777777776
450,digits,18,1,0.411490769192649,0.498725,0.4255000832777568,0.899745,0.721513888888889
451,digits,18,2,0.9933369749553876,0.993325,0.993327097510841,0.998665,0.9962916666666668
452,digits,18,3,0.6183917437092235,0.6966,0.6352357877272331,0.93932,0.8314444444444445
453,digits,18,4,0.4113204177450652,0.497525,0.4248469155354842,0.8995050000000001,0.7208472222222222
454,digits,18,5,0.8400045578732118,0.89085,0.8574587073439076,0.97817,0.9393611111111112
455,digits,18,6,0.8433777605178954,0.8937750000000001,0.8603824772368851,0.978755,0.9409861111111112
456,digits,18,7,0.9877436099474732,0.987725,0.9877278829682188,0.997545,0.9931805555555556
457,digits,18,8,0.8382631195471056,0.88795,0.8548657507305076,0.97759,0.93775
458,digits,18,9,0.840671468281719,0.8916499999999999,0.858077359263399,0.97833,0.9398055555555556
459,digits,18,10,0.987579567959054,0.987525,0.9875350726030288,0.997505,0.9930694444444444
460,balanced,18,1,0.8545519528370019,0.8543617021276596,0.8534218837344805,0.9938026256224536,0.9255978260869564
461,balanced,18,2,0.456937367652863,0.5066489361702129,0.4743293663499263,0.9790063377093708,0.7479619565217391
462,balanced,18,3,0.5430544332464027,0.580531914893617,0.5533890809361551,0.982150294250792,0.7857065217391304
463,balanced,18,4,0.5738226213902055,0.6024468085106384,0.580560735840211,0.9830828429153464,0.7969021739130435
464,balanced,18,5,0.5141544134147827,0.5531914893617021,0.5242898260703418,0.980986871887732,0.7717391304347826
465,balanced,18,6,0.5956400218633224,0.6155851063829787,0.5995347001179835,0.9836419194205523,0.8036141304347828
466,balanced,18,7,0.5393887554410048,0.5526063829787233,0.5392377854280621,0.9809619737437756,0.7714402173913044
467,balanced,18,8,0.6030604375340273,0.6204787234042554,0.6022787980626125,0.9838501584427344,0.8061141304347824
468,balanced,18,9,0.5983158387793096,0.6112234042553192,0.597078884224772,0.9834563150746944,0.8013858695652173
469,balanced,18,10,0.6354244554535466,0.6625531914893618,0.6405858649687112,0.9856405613399728,0.8276086956521739
470,fashion,18,1,0.4296790482851053,0.5492,0.4657630267944633,0.90984,0.7495555555555555
471,fashion,18,2,0.3458640816470511,0.44,0.3684811797178629,0.8879999999999999,0.6888888888888889
472,fashion,18,3,0.5812450694907433,0.6727,0.605489641270637,0.93454,0.8181666666666667
473,fashion,18,4,0.87831643985017,0.8775999999999999,0.8778383972369322,0.97552,0.932
474,fashion,18,5,0.7477080662401981,0.8021999999999998,0.769514785332498,0.96044,0.890111111111111
475,fashion,18,6,0.5053783896906952,0.5868,0.5265321169587892,0.91736,0.7704444444444445
476,fashion,18,7,0.7312509462921222,0.7781999999999999,0.7468154913937753,0.95564,0.8767777777777777
477,fashion,18,8,0.8655088735007854,0.8667999999999999,0.8656304964915792,0.97336,0.926
478,fashion,18,9,0.6908091252475317,0.7385999999999999,0.7040407742498969,0.94772,0.8547777777777779
479,fashion,18,10,0.5796816234841569,0.6612,0.5992977572022338,0.93224,0.8117777777777777
480,digits,13,1,0.6185498718941983,0.697325,0.6357129615092139,0.939465,0.8318472222222223
481,digits,13,2,0.8443158959877397,0.895125,0.8615472795483949,0.979025,0.9417361111111112
482,digits,13,3,0.9927851070124188,0.9927750000000002,0.9927769286194604,0.998555,0.9959861111111112
483,digits,13,4,0.7247871689332499,0.79425,0.7431458876043838,0.95885,0.8856944444444445
484,digits,13,5,0.8397902941832902,0.8896750000000001,0.8565451198651373,0.977935,0.9387083333333331
485,digits,13,6,0.7264516161892003,0.7958999999999999,0.7448480053561991,0.95918,0.8866111111111111
486,digits,13,7,0.990701812159594,0.990675,0.9906812854310189,0.998135,0.9948194444444444
487,digits,13,8,0.6284105095244615,0.689175,0.6293669368363533,0.937835,0.8273194444444444
488,digits,13,9,0.8408502430294501,0.8914,0.8579911166638672,0.97828,0.9396666666666668
489,digits,13,10,0.7250414601905508,0.793475,0.7428392531808443,0.958695,0.8852638888888891
490,balanced,13,1,0.8370004639263375,0.8486170212765959,0.8408666410617245,0.9935581711181533,0.9226630434782608
491,balanced,13,2,0.5138104336273142,0.5632446808510638,0.5311025643266782,0.9814146672702582,0.7768750000000001
492,balanced,13,3,0.4483770568230712,0.4956914893617021,0.4619056557443743,0.9785400633770936,0.7423641304347827
493,balanced,13,4,0.5939238521053759,0.6210106382978723,0.6015332183970793,0.9838727931190584,0.8063858695652173
494,balanced,13,5,0.4494043539412348,0.4859574468085105,0.4594794237372424,0.978125848800362,0.737391304347826
495,balanced,13,6,0.6889154885968417,0.7043085106382978,0.6916935173367428,0.9874173834314168,0.8489402173913045
496,balanced,13,7,0.5244921748321947,0.5615425531914894,0.5332002910328083,0.9813422363060208,0.7760054347826085
497,balanced,13,8,0.5412266374489462,0.5693617021276596,0.5486643057103151,0.9816749660479854,0.7799999999999999
498,balanced,13,9,0.4970836493445264,0.5372872340425532,0.5108496958685955,0.9803100950656404,0.7636141304347825
499,balanced,13,10,0.6532772877500131,0.6644148936170212,0.6538168385946966,0.985719782707107,0.8285597826086956
500,fashion,13,1,0.4402870688577961,0.5548,0.4732800681954286,0.91096,0.7526666666666667
501,fashion,13,2,0.6139013750846971,0.6951,0.6419227738758112,0.93902,0.8306111111111111
502,fashion,13,3,0.5403214518521435,0.6389,0.5704830386873776,0.92778,0.7993888888888888
503,fashion,13,4,0.5216890009731753,0.5903,0.5375299436013323,0.91806,0.7723888888888889
504,fashion,13,5,0.8761222566043572,0.8757999999999999,0.8759252647514307,0.97516,0.931
505,fashion,13,6,0.8311824877148613,0.8314999999999999,0.8305268357516924,0.9663,0.9063888888888888
506,fashion,13,7,0.2998210437216774,0.3895,0.3129216675828212,0.8779,0.6608333333333333
507,fashion,13,8,0.6964935105395564,0.7622,0.7249295101689092,0.95244,0.8678888888888888
508,fashion,13,9,0.7386340299158587,0.7874999999999999,0.757285141094062,0.9575,0.8819444444444444
509,fashion,13,10,0.395785649920033,0.4851,0.4112306319508398,0.89702,0.7139444444444444
510,digits,15,1,0.5139972876253428,0.597725,0.5294124659845706,0.919545,0.776513888888889
511,digits,15,2,0.6185834798156116,0.69655,0.6352748631991697,0.93931,0.8314166666666667
512,digits,15,3,0.9924872596268312,0.992475,0.9924776321032814,0.998495,0.9958194444444444
513,digits,15,4,0.6182217550743945,0.6957,0.6347373680141374,0.93914,0.8309444444444445
514,digits,15,5,0.725998742734733,0.7950250000000001,0.744132726099487,0.959005,0.886125
515,digits,15,6,0.9922228552743342,0.9922,0.992205707685936,0.99844,0.9956666666666668
516,digits,15,7,0.8437891556702727,0.8930999999999999,0.8600735768777408,0.97862,0.9406111111111112
517,digits,15,8,0.8397216300957652,0.891125,0.8573647215931954,0.978225,0.9395138888888888
518,digits,15,9,0.8394520456986309,0.8891249999999999,0.8560812899416608,0.977825,0.9384027777777778
519,digits,15,10,0.8364758506333893,0.888575,0.8546179032742408,0.977715,0.9380972222222222
520,balanced,15,1,0.8231485434888016,0.8312234042553194,0.8217635308911024,0.992818017202354,0.9137771739130436
521,balanced,15,2,0.4650211283036556,0.5148404255319149,0.4804578880720948,0.9793549117247624,0.7521467391304347
522,balanced,15,3,0.5433198358778752,0.5864361702127661,0.5558537927676734,0.98240153915799,0.7887228260869564
523,balanced,15,4,0.6516094505687162,0.6724468085106383,0.6580965206748803,0.9860615663196016,0.8326630434782608
524,balanced,15,5,0.4706946467129222,0.5088829787234042,0.4835750896118511,0.979101403349932,0.7491032608695654
525,balanced,15,6,0.5464745064308214,0.5738297872340425,0.5539816958305745,0.9818650973291084,0.7822826086956521
526,balanced,15,7,0.5211088979654608,0.544468085106383,0.523711259346341,0.9806156631960165,0.7672826086956522
527,balanced,15,8,0.589756592011186,0.6169680851063831,0.5947884834262892,0.9837007695789952,0.8043206521739131
528,balanced,15,9,0.5100557859689562,0.5476595744680851,0.5213187911893308,0.9807514712539612,0.7689130434782608
529,balanced,15,10,0.6424556651181259,0.6647340425531915,0.6484043443895815,0.9857333635129016,0.8287228260869564
530,fashion,15,1,0.8944396541359353,0.8936,0.8939617280606311,0.97872,0.9408888888888888
531,fashion,15,2,0.4507013117825168,0.5523,0.4788283517792688,0.9104600000000002,0.7512777777777778
532,fashion,15,3,0.4259205869421809,0.5142,0.4481526428161407,0.90284,0.7301111111111112
533,fashion,15,4,0.6555310530103783,0.7226,0.6757157606142767,0.94452,0.8458888888888888
534,fashion,15,5,0.8660986661335709,0.8643000000000001,0.8646191352287153,0.97286,0.924611111111111
535,fashion,15,6,0.6366142828612444,0.6969,0.6534677988470705,0.93938,0.8316111111111111
536,fashion,15,7,0.8535509544259436,0.8507999999999999,0.8519322372427384,0.97016,0.917111111111111
537,fashion,15,8,0.4943878147932793,0.5782,0.5099782703178466,0.91564,0.7656666666666666
538,fashion,15,9,0.7314818224678452,0.772,0.7446781028713458,0.9544,0.8733333333333334
539,fashion,15,10,0.7408282477762967,0.7867,0.7576937270677753,0.95734,0.8815
540,digits,19,1,0.4091715415114859,0.4973000000000001,0.4239377350193997,0.89946,0.7207222222222223
541,digits,19,2,0.726454952363749,0.795275,0.7446577837475862,0.959055,0.8862638888888889
542,digits,19,3,0.99214691408968,0.992125,0.9921249334613044,0.998425,0.995625
543,digits,19,4,0.51329898925399,0.597275,0.5288908811022985,0.919455,0.776263888888889
544,digits,19,5,0.9914856138841864,0.991475,0.9914761898171174,0.998295,0.9952638888888888
545,digits,19,6,0.7273683017918243,0.79495,0.7446282795412326,0.95899,0.8860833333333333
546,digits,19,7,0.727621654360947,0.794525,0.7444728286423042,0.958905,0.8858472222222222
547,digits,19,8,0.6148317386733901,0.690425,0.6305723380178954,0.938085,0.8280138888888888
548,digits,19,9,0.9895658937927044,0.98955,0.9895513462587016,0.99791,0.9941944444444444
549,digits,19,10,0.9884378675268802,0.988425,0.98842801621261,0.997685,0.9935694444444444
550,balanced,19,1,0.7111235411948295,0.7722872340425532,0.7391088623266688,0.9903100950656404,0.8836684782608695
551,balanced,19,2,0.4362961350713052,0.4957978723404255,0.4545219110372464,0.9785445903123586,0.7424184782608696
552,balanced,19,3,0.5117878074763019,0.5488829787234042,0.5255369961478669,0.9808035310095066,0.7695380434782609
553,balanced,19,4,0.6056897758217437,0.6348404255319149,0.6124795822345258,0.9844612947034856,0.8134510869565216
554,balanced,19,5,0.48343523473429,0.5219680851063829,0.4955925407616947,0.9796582163875058,0.755788043478261
555,balanced,19,6,0.7033533572427482,0.721808510638298,0.7082158575696799,0.9881620642824808,0.8578804347826087
556,balanced,19,7,0.634897177556343,0.6542553191489361,0.6383124218356484,0.9852874603893164,0.8233695652173915
557,balanced,19,8,0.5351912661460848,0.5528723404255319,0.5379841618056532,0.9809732910819372,0.7715760869565216
558,balanced,19,9,0.674550931261375,0.6986702127659574,0.681134719783123,0.9871774558623811,0.8460597826086956
559,balanced,19,10,0.611270684054334,0.6352127659574467,0.6184480111304085,0.9844771389769128,0.8136413043478261
560,fashion,19,1,0.4373921757947106,0.5449,0.468458390663498,0.90898,0.7471666666666666
561,fashion,19,2,0.6171448766769982,0.6952,0.6427644208272659,0.93904,0.8306666666666667
562,fashion,19,3,0.6572130183468958,0.7424999999999999,0.6859493933651168,0.9485,0.8569444444444445
563,fashion,19,4,0.4248924054541875,0.5229999999999999,0.4544666118885732,0.9046,0.7350000000000001
564,fashion,19,5,0.4836740298774171,0.5639000000000001,0.5078193233264934,0.91278,0.7577222222222222
565,fashion,19,6,0.8460288799473574,0.8479000000000001,0.846133460154539,0.96958,0.9155
566,fashion,19,7,0.3570953007739749,0.4503,0.3779788162535023,0.8900600000000001,0.6946111111111112
567,fashion,19,8,0.7507417043590197,0.8062999999999999,0.7731990762754013,0.96126,0.8923888888888889
568,fashion,19,9,0.6343404175119788,0.6940999999999999,0.658427303246763,0.93882,0.8300555555555554
569,fashion,19,10,0.8783645298734626,0.8774999999999998,0.8774732578885385,0.9755,0.9319444444444444
570,digits,17,1,0.5126831428560913,0.5972500000000001,0.5288289415171915,0.91945,0.77625
571,digits,17,2,0.6179421460290595,0.6969749999999999,0.6352275930703013,0.939395,0.8316527777777777
572,digits,17,3,0.5143595998787686,0.597675,0.5296140579477031,0.919535,0.7764861111111111
573,digits,17,4,0.7257796425218485,0.7945249999999999,0.7439556866885606,0.958905,0.8858472222222222
574,digits,17,5,0.6191846756294801,0.696075,0.6353517058828376,0.939215,0.8311527777777779
575,digits,17,6,0.7267033994641336,0.7948500000000001,0.7443157868009893,0.95897,0.8860277777777779
576,digits,17,7,0.7258602296114185,0.7941750000000001,0.7437465897329433,0.958835,0.8856527777777778
577,digits,17,8,0.9872774813730348,0.98725,0.987255244077942,0.99745,0.9929166666666668
578,digits,17,9,0.8388648409271726,0.8890750000000001,0.8557700116990181,0.977815,0.938375
579,digits,17,10,0.9866389657330472,0.9866,0.9866097227403732,0.99732,0.9925555555555554
580,balanced,17,1,0.8213282976064946,0.8371808510638297,0.8275087492329738,0.9930715255771844,0.916820652173913
581,balanced,17,2,0.3734965053586027,0.4310106382978723,0.3915816930246877,0.9757876867360796,0.709320652173913
582,balanced,17,3,0.5548325122189891,0.5953191489361702,0.5690229930230891,0.9827795382526032,0.7932608695652176
583,balanced,17,4,0.4297969893504443,0.467127659574468,0.4420012207791879,0.9773245812584882,0.7277717391304347
584,balanced,17,5,0.610854485141814,0.6320744680851063,0.615845092561673,0.9843435943866004,0.8120380434782608
585,balanced,17,6,0.5651511361764197,0.5895744680851065,0.5717016318622746,0.9825350837483025,0.7903260869565216
586,balanced,17,7,0.5476259260565431,0.571063829787234,0.5499504162508285,0.9817473970122228,0.7808695652173914
587,balanced,17,8,0.5313346737163868,0.5639893617021277,0.5375816756092591,0.9814463558171118,0.7772554347826086
588,balanced,17,9,0.6451078855709391,0.6792021276595744,0.6535213976634131,0.986349026708918,0.8361141304347824
589,balanced,17,10,0.6302586225317688,0.6419148936170214,0.6300494571430331,0.9847623358985969,0.8170652173913043
590,fashion,17,1,0.7549561523754659,0.8140000000000001,0.7781496692946421,0.9628000000000002,0.8966666666666667
591,fashion,17,2,0.7328389491917227,0.7803,0.7503187853993303,0.95606,0.8779444444444444
592,fashion,17,3,0.5314786810450489,0.6095,0.5520372881758433,0.9219,0.7830555555555556
593,fashion,17,4,0.540475511314182,0.6207999999999999,0.5617761572890798,0.92416,0.7893333333333332
594,fashion,17,5,0.522312580323606,0.6159999999999999,0.5530479048133004,0.9232,0.7866666666666667
595,fashion,17,6,0.7385666278896494,0.7747,0.7494717957925194,0.95494,0.8748333333333334
596,fashion,17,7,0.8692097007688873,0.8672000000000001,0.8674719253865737,0.97344,0.9262222222222224
597,fashion,17,8,0.8720779710149538,0.8701000000000001,0.8709209603378545,0.97402,0.9278333333333332
598,fashion,17,9,0.7462880606148439,0.7965,0.7664113154736146,0.9593,0.8869444444444445
599,fashion,17,10,0.5993384996472019,0.6758,0.6282905102639612,0.93516,0.819888888888889
